PLZ_ID,protein_id,pLDDT,pTM,pdb_path,json_path
866554aa77,X0001,97.7,0.95,pdb/866554aa77.pdb,json/866554aa77.json
98b7748823,X0002,97.8,0.9470000000000001,pdb/98b7748823.pdb,json/98b7748823.json
60ea077c8e,X0003,97.9,0.9470000000000001,pdb/60ea077c8e.pdb,json/60ea077c8e.json
0c1b4dd3c4,X0004,95.4,0.94,pdb/0c1b4dd3c4.pdb,json/0c1b4dd3c4.json
9a48d1ff76,X0005,98.1,0.9520000000000001,pdb/9a48d1ff76.pdb,json/9a48d1ff76.json
85a978fa82,X0006,90.8,0.895,pdb/85a978fa82.pdb,json/85a978fa82.json
b29e217ad6,X0007,98.1,0.9520000000000001,pdb/b29e217ad6.pdb,json/b29e217ad6.json
3802c03734,X0008,96.2,0.94,pdb/3802c03734.pdb,json/3802c03734.json
bb22e38599,X0009,97.8,0.951,pdb/bb22e38599.pdb,json/bb22e38599.json
5c12d36588,X0010,94.1,0.909,pdb\5c12d36588.pdb,json\5c12d36588.json
906ec17d8c,X0011,97.8,0.95,pdb/906ec17d8c.pdb,json/906ec17d8c.json
d882bce9ca,X0012,97.8,0.9520000000000001,pdb/d882bce9ca.pdb,json/d882bce9ca.json
6705dda016,X0013,97.9,0.9490000000000001,pdb/6705dda016.pdb,json/6705dda016.json
3bababdd09,X0014,98.5,0.956,pdb/3bababdd09.pdb,json/3bababdd09.json
bc5813403e,X0015,98.4,0.9540000000000001,pdb/bc5813403e.pdb,json/bc5813403e.json
e42c5fc33c,X0016,95.1,0.792,pdb/e42c5fc33c.pdb,json/e42c5fc33c.json
694fbcd320,X0017,82.7,0.848,pdb/694fbcd320.pdb,json/694fbcd320.json
4580ecc54e,X0018,81.8,0.8390000000000001,pdb\4580ecc54e.pdb,json\4580ecc54e.json
6409ea9daa,X0019,31.0,0.184,pdb/6409ea9daa.pdb,json/6409ea9daa.json
2e2ecc1408,X0020,97.4,0.946,pdb/2e2ecc1408.pdb,json/2e2ecc1408.json
71cd2f0e52,X0021,95.0,0.948,pdb/71cd2f0e52.pdb,json/71cd2f0e52.json
05f3ecb569,X0022,93.0,0.92,pdb/05f3ecb569.pdb,json/05f3ecb569.json
2eb72ff619,X0023,96.8,0.935,pdb/2eb72ff619.pdb,json/2eb72ff619.json
a9aff05e0e,X0024,94.1,0.941,pdb/a9aff05e0e.pdb,json/a9aff05e0e.json
f3a6443770,X0025,93.9,0.9390000000000001,pdb/f3a6443770.pdb,json/f3a6443770.json
cbad6e4ab8,X0026,93.7,0.938,pdb/cbad6e4ab8.pdb,json/cbad6e4ab8.json
a8ba27c2ae,X0027,94.4,0.94,pdb/a8ba27c2ae.pdb,json/a8ba27c2ae.json
f018c7482a,X0028,93.7,0.938,pdb/f018c7482a.pdb,json/f018c7482a.json
5f841b75d1,X0029,93.8,0.937,pdb/5f841b75d1.pdb,json/5f841b75d1.json
0abd1affa6,X0030,94.1,0.937,pdb/0abd1affa6.pdb,json/0abd1affa6.json
e67c50af77,X0031,94.1,0.9390000000000001,pdb/e67c50af77.pdb,json/e67c50af77.json
4c5acb17aa,X0032,93.4,0.937,pdb/4c5acb17aa.pdb,json/4c5acb17aa.json
8744626bb7,X0033,94.1,0.94,pdb/8744626bb7.pdb,json/8744626bb7.json
4087d63afa,X0034,94.0,0.938,pdb/4087d63afa.pdb,json/4087d63afa.json
3742dd1eb0,X0035,93.7,0.937,pdb/3742dd1eb0.pdb,json/3742dd1eb0.json
5a573454bf,X0036,93.7,0.935,pdb/5a573454bf.pdb,json/5a573454bf.json
4b883a91a7,X0037,93.9,0.937,pdb/4b883a91a7.pdb,json/4b883a91a7.json
3ea468f2c4,X0038,93.6,0.9359999999999999,pdb/3ea468f2c4.pdb,json/3ea468f2c4.json
94e029b470,X0039,93.9,0.9359999999999999,pdb/94e029b470.pdb,json/94e029b470.json
0313526622,X0040,93.8,0.935,pdb/0313526622.pdb,json/0313526622.json
0bd0510ab4,X0041,93.9,0.937,pdb/0bd0510ab4.pdb,json/0bd0510ab4.json
d13d6fc368,X0042,94.5,0.943,pdb/d13d6fc368.pdb,json/d13d6fc368.json
396dc88a09,X0043,94.0,0.937,pdb/396dc88a09.pdb,json/396dc88a09.json
554efb45e8,X0044,94.0,0.9390000000000001,pdb/554efb45e8.pdb,json/554efb45e8.json
5e679483ec,X0045,93.9,0.938,pdb/5e679483ec.pdb,json/5e679483ec.json
5e86cdba97,X0046,95.9,0.9229999999999999,pdb/5e86cdba97.pdb,json/5e86cdba97.json
aec703ce30,X0047,97.2,0.937,pdb/aec703ce30.pdb,json/aec703ce30.json
3827a0088c,X0048,95.7,0.934,pdb/3827a0088c.pdb,json/3827a0088c.json
76fa3461f2,X0049,89.0,0.6829999999999999,pdb/76fa3461f2.pdb,json/76fa3461f2.json
46d55cfb0d,X0050,95.9,0.938,pdb/46d55cfb0d.pdb,json/46d55cfb0d.json
b9b9faf119,X0051,92.9,0.722,pdb/b9b9faf119.pdb,json/b9b9faf119.json
ce80606054,X0052,97.6,0.948,pdb/ce80606054.pdb,json/ce80606054.json
4a33bf07ab,X0053,95.4,0.935,pdb/4a33bf07ab.pdb,json/4a33bf07ab.json
623def0d9b,X0054,86.2,0.853,pdb/623def0d9b.pdb,json/623def0d9b.json
ebb1e4fd55,X0055,88.1,0.8859999999999999,pdb/ebb1e4fd55.pdb,json/ebb1e4fd55.json
9e7a86b52b,X0056,87.2,0.835,pdb/9e7a86b52b.pdb,json/9e7a86b52b.json
32b02afed8,X0057,91.6,0.917,pdb/32b02afed8.pdb,json/32b02afed8.json
79fef377d2,X0058,89.8,0.6829999999999999,pdb/79fef377d2.pdb,json/79fef377d2.json
e78774c217,X0059,89.7,0.6779999999999999,pdb/e78774c217.pdb,json/e78774c217.json
4d0f30527a,X0060,93.2,0.9,pdb/4d0f30527a.pdb,json/4d0f30527a.json
0b4ebae294,X0061,94.7,0.938,pdb/0b4ebae294.pdb,json/0b4ebae294.json
c4595ca0c8,X0062,91.9,0.8859999999999999,pdb/c4595ca0c8.pdb,json/c4595ca0c8.json
b976d89166,X0063,83.1,0.7859999999999999,pdb/b976d89166.pdb,json/b976d89166.json
192517c6e5,X0064,79.9,0.8270000000000001,pdb/192517c6e5.pdb,json/192517c6e5.json
4eedb72779,X0065,97.2,0.955,pdb/4eedb72779.pdb,json/4eedb72779.json
61b29f9d92,X0066,96.1,0.945,pdb/61b29f9d92.pdb,json/61b29f9d92.json
b0756a07ad,X0067,93.9,0.932,pdb/b0756a07ad.pdb,json/b0756a07ad.json
fac246d09f,X0068,95.7,0.94,pdb/fac246d09f.pdb,json/fac246d09f.json
4192ccdc09,X0069,92.1,0.895,pdb/4192ccdc09.pdb,json/4192ccdc09.json
cba70643b3,X0070,92.3,0.898,pdb/cba70643b3.pdb,json/cba70643b3.json
9ff4a45fea,X0071,96.3,0.948,pdb/9ff4a45fea.pdb,json/9ff4a45fea.json
456bdb5038,X0072,91.7,0.9009999999999999,pdb/456bdb5038.pdb,json/456bdb5038.json
514cb13c45,X0073,98.1,0.951,pdb/514cb13c45.pdb,json/514cb13c45.json
0e2021517a,X0074,97.9,0.95,pdb/0e2021517a.pdb,json/0e2021517a.json
bcd0a9b65e,X0075,96.3,0.9390000000000001,pdb/bcd0a9b65e.pdb,json/bcd0a9b65e.json
893bea12b0,X0076,96.2,0.94,pdb/893bea12b0.pdb,json/893bea12b0.json
bacbd23fff,X0077,97.9,0.95,pdb/bacbd23fff.pdb,json/bacbd23fff.json
27e96814fc,X0078,97.5,0.95,pdb/27e96814fc.pdb,json/27e96814fc.json
9463e95eb1,X0079,97.2,0.9490000000000001,pdb/9463e95eb1.pdb,json/9463e95eb1.json
fb4e72acc2,X0080,95.3,0.9329999999999999,pdb/fb4e72acc2.pdb,json/fb4e72acc2.json
680834dc7d,X0081,97.7,0.95,pdb/680834dc7d.pdb,json/680834dc7d.json
4afd1b487c,X0082,96.0,0.94,pdb/4afd1b487c.pdb,json/4afd1b487c.json
612d47e2c8,X0083,97.5,0.95,pdb/612d47e2c8.pdb,json/612d47e2c8.json
b0375b48ae,X0084,96.9,0.9490000000000001,pdb/b0375b48ae.pdb,json/b0375b48ae.json
3f57b48823,X0085,95.6,0.938,pdb/3f57b48823.pdb,json/3f57b48823.json
9ec43d6bd2,X0086,95.2,0.938,pdb/9ec43d6bd2.pdb,json/9ec43d6bd2.json
60a7892ac8,X0087,97.6,0.951,pdb/60a7892ac8.pdb,json/60a7892ac8.json
5415d494a2,X0088,97.4,0.95,pdb/5415d494a2.pdb,json/5415d494a2.json
163307ae0e,X0089,97.7,0.95,pdb/163307ae0e.pdb,json/163307ae0e.json
f471b7d621,X0090,96.1,0.9390000000000001,pdb/f471b7d621.pdb,json/f471b7d621.json
73e435bdca,X0091,97.7,0.95,pdb/73e435bdca.pdb,json/73e435bdca.json
2b25837d2b,X0092,97.8,0.951,pdb/2b25837d2b.pdb,json/2b25837d2b.json
73f97ec8ae,X0093,96.1,0.94,pdb/73f97ec8ae.pdb,json/73f97ec8ae.json
1aa78e89fd,X0094,97.9,0.9520000000000001,pdb/1aa78e89fd.pdb,json/1aa78e89fd.json
e9a3e8ca80,X0095,87.8,0.787,pdb/e9a3e8ca80.pdb,json/e9a3e8ca80.json
a911419f7d,X0096,92.6,0.9,pdb/a911419f7d.pdb,json/a911419f7d.json
eca4b37668,X0097,96.4,0.9490000000000001,pdb/eca4b37668.pdb,json/eca4b37668.json
66b572efa8,X0098,90.8,0.902,pdb/66b572efa8.pdb,json/66b572efa8.json
fc882a67cd,X0099,97.0,0.9470000000000001,pdb/fc882a67cd.pdb,json/fc882a67cd.json
a07f81ab9e,X0100,93.8,0.6759999999999999,pdb/a07f81ab9e.pdb,json/a07f81ab9e.json
6965194d9f,X0101,90.4,0.841,pdb/6965194d9f.pdb,json/6965194d9f.json
9b005da363,X0102,90.7,0.8420000000000001,pdb/9b005da363.pdb,json/9b005da363.json
b9d9c3582d,X0103,90.1,0.845,pdb/b9d9c3582d.pdb,json/b9d9c3582d.json
abe5a922dc,X0104,97.1,0.9420000000000001,pdb/abe5a922dc.pdb,json/abe5a922dc.json
d7bed73e54,X0105,93.7,0.9329999999999999,pdb/d7bed73e54.pdb,json/d7bed73e54.json
42a57148b7,X0106,90.8,0.851,pdb/42a57148b7.pdb,json/42a57148b7.json
41d8053d83,X0107,96.3,0.934,pdb/41d8053d83.pdb,json/41d8053d83.json
e7e0d72213,X0108,87.4,0.875,pdb/e7e0d72213.pdb,json/e7e0d72213.json
ac6ac26c24,X0109,91.6,0.857,pdb/ac6ac26c24.pdb,json/ac6ac26c24.json
2367ca90a9,X0110,91.4,0.857,pdb/2367ca90a9.pdb,json/2367ca90a9.json
c920427ab9,X0111,91.8,0.858,pdb/c920427ab9.pdb,json/c920427ab9.json
1d4897dbbb,X0112,91.6,0.857,pdb/1d4897dbbb.pdb,json/1d4897dbbb.json
bebe7ca7b4,X0113,92.1,0.8590000000000001,pdb/bebe7ca7b4.pdb,json/bebe7ca7b4.json
7cd0767220,X0114,91.5,0.858,pdb/7cd0767220.pdb,json/7cd0767220.json
316504c5b7,X0115,91.8,0.858,pdb/316504c5b7.pdb,json/316504c5b7.json
e311a2ed84,X0116,91.4,0.857,pdb/e311a2ed84.pdb,json/e311a2ed84.json
10d387a557,X0117,91.6,0.857,pdb/10d387a557.pdb,json/10d387a557.json
aad271a92a,X0118,91.6,0.857,pdb/aad271a92a.pdb,json/aad271a92a.json
0c21c998ea,X0119,91.4,0.857,pdb/0c21c998ea.pdb,json/0c21c998ea.json
d6d1168f2f,X0120,92.0,0.8590000000000001,pdb/d6d1168f2f.pdb,json/d6d1168f2f.json
d50823b6e9,X0121,91.8,0.858,pdb/d50823b6e9.pdb,json/d50823b6e9.json
dd06f14b2b,X0122,92.0,0.8590000000000001,pdb/dd06f14b2b.pdb,json/dd06f14b2b.json
f8b44d44a0,X0123,91.8,0.858,pdb/f8b44d44a0.pdb,json/f8b44d44a0.json
0450b76c0e,X0124,91.6,0.8590000000000001,pdb/0450b76c0e.pdb,json/0450b76c0e.json
7015dc5bc0,X0125,91.6,0.858,pdb/7015dc5bc0.pdb,json/7015dc5bc0.json
7c52a1815c,X0126,91.7,0.857,pdb/7c52a1815c.pdb,json/7c52a1815c.json
b7d2efad44,X0127,92.2,0.86,pdb/b7d2efad44.pdb,json/b7d2efad44.json
811c1fe1c7,X0128,97.5,0.946,pdb/811c1fe1c7.pdb,json/811c1fe1c7.json
e45a8bc01c,X0129,97.1,0.9470000000000001,pdb/e45a8bc01c.pdb,json/e45a8bc01c.json
c06a44d002,X0130,94.8,0.9309999999999999,pdb/c06a44d002.pdb,json/c06a44d002.json
2d36827280,X0131,97.5,0.958,pdb/2d36827280.pdb,json/2d36827280.json
313f9d5d34,X0132,97.6,0.958,pdb/313f9d5d34.pdb,json/313f9d5d34.json
a8d99410e3,X0133,92.6,0.89,pdb/a8d99410e3.pdb,json/a8d99410e3.json
6bc004d39f,X0134,95.9,0.934,pdb/6bc004d39f.pdb,json/6bc004d39f.json
d341eb7398,X0135,93.6,0.94,pdb/d341eb7398.pdb,json/d341eb7398.json
8710c2a5d0,X0136,91.1,0.888,pdb/8710c2a5d0.pdb,json/8710c2a5d0.json
4891e21675,X0137,90.8,0.8590000000000001,pdb/4891e21675.pdb,json/4891e21675.json
4263a98de1,X0138,96.6,0.9359999999999999,pdb/4263a98de1.pdb,json/4263a98de1.json
fb4f510a80,X0139,90.5,0.875,pdb/fb4f510a80.pdb,json/fb4f510a80.json
353219c259,X0140,83.9,0.826,pdb/353219c259.pdb,json/353219c259.json
ad56293e9d,X0141,97.9,0.951,pdb/ad56293e9d.pdb,json/ad56293e9d.json
79dfb29ac4,X0142,97.4,0.946,pdb/79dfb29ac4.pdb,json/79dfb29ac4.json
050122b362,X0143,88.3,0.872,pdb/050122b362.pdb,json/050122b362.json
f77f77269a,X0144,95.6,0.9279999999999999,pdb/f77f77269a.pdb,json/f77f77269a.json
f314cef4de,X0145,93.3,0.855,pdb/f314cef4de.pdb,json/f314cef4de.json
cffe604915,X0146,90.5,0.875,pdb/cffe604915.pdb,json/cffe604915.json
1315f7c6ce,X0147,96.1,0.937,pdb/1315f7c6ce.pdb,json/1315f7c6ce.json
996508e56e,X0148,94.8,0.917,pdb/996508e56e.pdb,json/996508e56e.json
6f8dc0fb5f,X0149,96.9,0.937,pdb/6f8dc0fb5f.pdb,json/6f8dc0fb5f.json
01945368cf,X0150,95.4,0.93,pdb/01945368cf.pdb,json/01945368cf.json
fc37015d19,X0151,90.9,0.9179999999999999,pdb/fc37015d19.pdb,json/fc37015d19.json
57a9cf2b6e,X0152,93.3,0.885,pdb/57a9cf2b6e.pdb,json/57a9cf2b6e.json
9566dad8c5,X0153,86.0,0.8109999999999999,pdb/9566dad8c5.pdb,json/9566dad8c5.json
bc3fe2d703,X0154,91.6,0.883,pdb/bc3fe2d703.pdb,json/bc3fe2d703.json
1fbae30cf9,X0155,94.6,0.9109999999999999,pdb/1fbae30cf9.pdb,json/1fbae30cf9.json
1cd19076ea,X0156,88.1,0.8420000000000001,pdb/1cd19076ea.pdb,json/1cd19076ea.json
54e04d87af,X0157,92.9,0.88,pdb/54e04d87af.pdb,json/54e04d87af.json
37b4121383,X0158,93.6,0.904,pdb/37b4121383.pdb,json/37b4121383.json
563b0fac8b,X0159,89.1,0.8490000000000001,pdb/563b0fac8b.pdb,json/563b0fac8b.json
d3069ec361,X0160,97.1,0.945,pdb/d3069ec361.pdb,json/d3069ec361.json
205a716db5,X0161,95.5,0.9329999999999999,pdb/205a716db5.pdb,json/205a716db5.json
8ac70de00c,X0162,96.1,0.94,pdb/8ac70de00c.pdb,json/8ac70de00c.json
9f7a29bf6f,X0163,92.6,0.907,pdb/9f7a29bf6f.pdb,json/9f7a29bf6f.json
1d0122680f,X0164,91.6,0.919,pdb/1d0122680f.pdb,json/1d0122680f.json
cdd1b55a29,X0165,92.1,0.8859999999999999,pdb/cdd1b55a29.pdb,json/cdd1b55a29.json
b1b24e5fad,X0166,97.2,0.953,pdb/b1b24e5fad.pdb,json/b1b24e5fad.json
700d816e7e,X0167,91.4,0.8420000000000001,pdb/700d816e7e.pdb,json/700d816e7e.json
312d4bf92e,X0168,89.0,0.8959999999999999,pdb/312d4bf92e.pdb,json/312d4bf92e.json
95e1ce1a66,X0169,97.0,0.9359999999999999,pdb/95e1ce1a66.pdb,json/95e1ce1a66.json
f10eaf7b32,X0170,87.9,0.82,pdb/f10eaf7b32.pdb,json/f10eaf7b32.json
7165b2c2f3,X0171,92.4,0.878,pdb/7165b2c2f3.pdb,json/7165b2c2f3.json
97b72f8814,X0172,97.7,0.935,pdb/97b72f8814.pdb,json/97b72f8814.json
6f3ec9ef55,X0173,93.2,0.929,pdb/6f3ec9ef55.pdb,json/6f3ec9ef55.json
cc3e71b56a,X0174,93.5,0.93,pdb/cc3e71b56a.pdb,json/cc3e71b56a.json
9eb4bdb928,X0175,93.9,0.9329999999999999,pdb/9eb4bdb928.pdb,json/9eb4bdb928.json
9d51f58434,X0176,97.8,0.9420000000000001,pdb/9d51f58434.pdb,json/9d51f58434.json
1252430438,X0177,93.8,0.9209999999999999,pdb/1252430438.pdb,json/1252430438.json
3e99d2dcea,X0178,92.7,0.909,pdb/3e99d2dcea.pdb,json/3e99d2dcea.json
019a1f24b3,X0179,96.2,0.956,pdb/019a1f24b3.pdb,json/019a1f24b3.json
cafcfe03da,X0180,90.4,0.8390000000000001,pdb/cafcfe03da.pdb,json/cafcfe03da.json
77d99f3697,X0181,91.9,0.856,pdb/77d99f3697.pdb,json/77d99f3697.json
23866b7bed,X0182,93.4,0.917,pdb/23866b7bed.pdb,json/23866b7bed.json
0515046867,X0183,93.6,0.883,pdb/0515046867.pdb,json/0515046867.json
efbb5e2435,X0184,91.8,0.9059999999999999,pdb/efbb5e2435.pdb,json/efbb5e2435.json
d8ce771d48,X0185,89.6,0.8759999999999999,pdb/d8ce771d48.pdb,json/d8ce771d48.json
26013eef48,X0186,97.1,0.9390000000000001,pdb/26013eef48.pdb,json/26013eef48.json
8fd8c71895,X0187,97.8,0.9470000000000001,pdb/8fd8c71895.pdb,json/8fd8c71895.json
0a0da03236,X0188,89.2,0.857,pdb/0a0da03236.pdb,json/0a0da03236.json
4c0dc053e3,X0189,89.2,0.847,pdb/4c0dc053e3.pdb,json/4c0dc053e3.json
3d5c24dd3c,X0190,89.8,0.853,pdb/3d5c24dd3c.pdb,json/3d5c24dd3c.json
c3c4a5404a,X0191,89.6,0.8540000000000001,pdb/c3c4a5404a.pdb,json/c3c4a5404a.json
f20777fba8,X0192,88.2,0.867,pdb/f20777fba8.pdb,json/f20777fba8.json
e547b9fe8f,X0193,96.2,0.9540000000000001,pdb/e547b9fe8f.pdb,json/e547b9fe8f.json
a4a0f6aee5,X0194,90.4,0.858,pdb/a4a0f6aee5.pdb,json/a4a0f6aee5.json
125d7a8b7a,X0195,92.0,0.855,pdb\125d7a8b7a.pdb,json\125d7a8b7a.json
2fa05e5e0f,X0196,97.1,0.951,pdb/2fa05e5e0f.pdb,json/2fa05e5e0f.json
b87d0b6522,X0197,97.9,0.9420000000000001,pdb/b87d0b6522.pdb,json/b87d0b6522.json
20aad38b2c,X0198,90.7,0.841,pdb/20aad38b2c.pdb,json/20aad38b2c.json
269a76723c,X0199,90.1,0.835,pdb/269a76723c.pdb,json/269a76723c.json
2cbb6fa0a4,X0200,90.6,0.835,pdb/2cbb6fa0a4.pdb,json/2cbb6fa0a4.json
6a5b071591,X0201,90.6,0.8420000000000001,pdb/6a5b071591.pdb,json/6a5b071591.json
6fef44ada6,X0202,91.1,0.846,pdb/6fef44ada6.pdb,json/6fef44ada6.json
f2df7ee094,X0203,89.6,0.8340000000000001,pdb/f2df7ee094.pdb,json/f2df7ee094.json
963124b8ec,X0204,91.6,0.851,pdb\963124b8ec.pdb,json\963124b8ec.json
9461601f6c,X0205,89.9,0.8220000000000001,pdb/9461601f6c.pdb,json/9461601f6c.json
be82051ac2,X0206,88.9,0.821,pdb/be82051ac2.pdb,json/be82051ac2.json
9b722074a4,X0207,92.1,0.862,pdb/9b722074a4.pdb,json/9b722074a4.json
211407efe7,X0208,90.2,0.679,pdb/211407efe7.pdb,json/211407efe7.json
b2b5f2924b,X0209,88.6,0.6759999999999999,pdb\b2b5f2924b.pdb,json\b2b5f2924b.json
42af6294e5,X0210,90.8,0.733,pdb/42af6294e5.pdb,json/42af6294e5.json
1e831b023e,X0211,91.7,0.6920000000000001,pdb\1e831b023e.pdb,json\1e831b023e.json
e11e569636,X0212,96.4,0.934,pdb/e11e569636.pdb,json/e11e569636.json
ab8577ca95,X0213,96.1,0.932,pdb/ab8577ca95.pdb,json/ab8577ca95.json
02c51ee7a6,X0214,93.8,0.894,pdb/02c51ee7a6.pdb,json/02c51ee7a6.json
70c2496741,X0215,90.4,0.7340000000000001,pdb/70c2496741.pdb,json/70c2496741.json
de82edd1f6,X0216,89.9,0.733,pdb/de82edd1f6.pdb,json/de82edd1f6.json
149923aec6,X0217,84.1,0.845,pdb/149923aec6.pdb,json/149923aec6.json
05152f058c,X0218,89.7,0.883,pdb/05152f058c.pdb,json/05152f058c.json
82df2826e8,X0219,88.4,0.861,pdb/82df2826e8.pdb,json/82df2826e8.json
e81e3394eb,X0220,91.4,0.7509999999999999,pdb/e81e3394eb.pdb,json/e81e3394eb.json
da03ff6a1f,X0221,93.4,0.9009999999999999,pdb/da03ff6a1f.pdb,json/da03ff6a1f.json
1323d77882,X0222,93.8,0.892,pdb/1323d77882.pdb,json/1323d77882.json
bd7ef0ab46,X0223,92.1,0.88,pdb/bd7ef0ab46.pdb,json/bd7ef0ab46.json
c306ac17f4,X0224,92.8,0.878,pdb\c306ac17f4.pdb,json\c306ac17f4.json
2185f8f693,X0225,93.6,0.8059999999999999,pdb/2185f8f693.pdb,json/2185f8f693.json
bba14c5eef,X0226,83.9,0.7829999999999999,pdb/bba14c5eef.pdb,json/bba14c5eef.json
621a469c77,X0227,89.1,0.851,pdb/621a469c77.pdb,json/621a469c77.json
ee5fdfb04b,X0228,89.4,0.8220000000000001,pdb/ee5fdfb04b.pdb,json/ee5fdfb04b.json
8b907502f7,X0229,91.1,0.773,pdb/8b907502f7.pdb,json/8b907502f7.json
d008be676d,X0230,91.6,0.607,pdb/d008be676d.pdb,json/d008be676d.json
8c2ff5d9e6,X0231,92.1,0.583,pdb/8c2ff5d9e6.pdb,json/8c2ff5d9e6.json
bd90f1bdf5,X0232,91.4,0.8340000000000001,pdb/bd90f1bdf5.pdb,json/bd90f1bdf5.json
97886f5303,X0233,92.6,0.863,pdb/97886f5303.pdb,json/97886f5303.json
081e78f8d9,X0234,96.2,0.882,pdb/081e78f8d9.pdb,json/081e78f8d9.json
32563c0c0f,X0235,90.8,0.887,pdb/32563c0c0f.pdb,json/32563c0c0f.json
b964cfaf0f,X0236,95.1,0.9420000000000001,pdb/b964cfaf0f.pdb,json/b964cfaf0f.json
036ee941c0,X0237,92.5,0.727,pdb/036ee941c0.pdb,json/036ee941c0.json
cafe390833,X0238,92.2,0.895,pdb/cafe390833.pdb,json/cafe390833.json
8c8f8ba791,X0239,90.0,0.82,pdb/8c8f8ba791.pdb,json/8c8f8ba791.json
97ef2c6458,X0240,91.1,0.823,pdb/97ef2c6458.pdb,json/97ef2c6458.json
bec89b1c7b,X0241,90.2,0.825,pdb/bec89b1c7b.pdb,json/bec89b1c7b.json
c3566b338d,X0242,87.6,0.7340000000000001,pdb/c3566b338d.pdb,json/c3566b338d.json
eb332dd621,X0243,93.2,0.887,pdb/eb332dd621.pdb,json/eb332dd621.json
d36aecec6c,X0244,90.8,0.8420000000000001,pdb/d36aecec6c.pdb,json/d36aecec6c.json
2b7c7dbebe,X0245,92.9,0.856,pdb/2b7c7dbebe.pdb,json/2b7c7dbebe.json
a32b521bb7,X0246,95.8,0.934,pdb/a32b521bb7.pdb,json/a32b521bb7.json
dedade93ea,X0247,94.3,0.9209999999999999,pdb/dedade93ea.pdb,json/dedade93ea.json
f917b1fb00,X0248,90.8,0.91,pdb/f917b1fb00.pdb,json/f917b1fb00.json
71fac0ab7b,X0249,93.2,0.8959999999999999,pdb/71fac0ab7b.pdb,json/71fac0ab7b.json
ade6668ce3,X0250,92.4,0.8640000000000001,pdb/ade6668ce3.pdb,json/ade6668ce3.json
4f638232f3,X0251,95.2,0.9359999999999999,pdb/4f638232f3.pdb,json/4f638232f3.json
6861317ba8,X0252,88.9,0.8270000000000001,pdb/6861317ba8.pdb,json/6861317ba8.json
59c3ac884c,X0253,90.4,0.833,pdb/59c3ac884c.pdb,json/59c3ac884c.json
6a430b910d,X0254,93.6,0.89,pdb/6a430b910d.pdb,json/6a430b910d.json
39803f17f1,X0255,97.1,0.951,pdb\39803f17f1.pdb,json\39803f17f1.json
86dfa44bfc,X0256,89.2,0.8220000000000001,pdb/86dfa44bfc.pdb,json/86dfa44bfc.json
35c35a0ed2,X0257,90.3,0.8420000000000001,pdb/35c35a0ed2.pdb,json/35c35a0ed2.json
64b5a2f509,X0258,90.6,0.843,pdb/64b5a2f509.pdb,json/64b5a2f509.json
94c4f4c6de,X0259,95.2,0.93,pdb/94c4f4c6de.pdb,json/94c4f4c6de.json
25d75a4b52,X0260,92.4,0.903,pdb/25d75a4b52.pdb,json/25d75a4b52.json
e4bb68ce52,X0261,90.3,0.9009999999999999,pdb/e4bb68ce52.pdb,json/e4bb68ce52.json
9dd366090c,X0262,90.8,0.8270000000000001,pdb/9dd366090c.pdb,json/9dd366090c.json
7b722bc6e2,X0263,89.9,0.861,pdb/7b722bc6e2.pdb,json/7b722bc6e2.json
1280b6f089,X0264,90.8,0.753,pdb/1280b6f089.pdb,json/1280b6f089.json
d90d7817f3,X0265,85.4,0.711,pdb/d90d7817f3.pdb,json/d90d7817f3.json
0f524a9f53,X0266,95.3,0.948,pdb/0f524a9f53.pdb,json/0f524a9f53.json
f9e5478243,X0267,96.2,0.9440000000000001,pdb/f9e5478243.pdb,json/f9e5478243.json
53bfcb920b,X0268,96.2,0.946,pdb/53bfcb920b.pdb,json/53bfcb920b.json
ec1d3f292e,X0269,96.0,0.9440000000000001,pdb/ec1d3f292e.pdb,json/ec1d3f292e.json
f5350aa750,X0270,95.8,0.945,pdb/f5350aa750.pdb,json/f5350aa750.json
33ae892bfe,X0271,95.9,0.9470000000000001,pdb/33ae892bfe.pdb,json/33ae892bfe.json
532558f571,X0272,95.9,0.9470000000000001,pdb/532558f571.pdb,json/532558f571.json
a3e7c71833,X0273,95.4,0.9440000000000001,pdb/a3e7c71833.pdb,json/a3e7c71833.json
699e12b98f,X0274,95.9,0.945,pdb/699e12b98f.pdb,json/699e12b98f.json
b24c39fc34,X0275,95.8,0.943,pdb/b24c39fc34.pdb,json/b24c39fc34.json
cddb40d13d,X0276,95.7,0.946,pdb/cddb40d13d.pdb,json/cddb40d13d.json
8661331fe1,X0277,95.8,0.945,pdb/8661331fe1.pdb,json/8661331fe1.json
47336267d0,X0278,95.8,0.945,pdb/47336267d0.pdb,json/47336267d0.json
7117b90f6c,X0279,95.8,0.943,pdb/7117b90f6c.pdb,json/7117b90f6c.json
09916db422,X0280,95.8,0.9440000000000001,pdb/09916db422.pdb,json/09916db422.json
9eb906a621,X0281,97.3,0.953,pdb/9eb906a621.pdb,json/9eb906a621.json
a280d4719a,X0282,92.8,0.9079999999999999,pdb/a280d4719a.pdb,json/a280d4719a.json
8d4d5bb36a,X0283,92.8,0.875,pdb/8d4d5bb36a.pdb,json/8d4d5bb36a.json
a562f629d5,X0284,92.8,0.875,pdb/a562f629d5.pdb,json/a562f629d5.json
d165428649,X0285,92.9,0.875,pdb/d165428649.pdb,json/d165428649.json
66f87f129e,X0286,92.9,0.875,pdb/66f87f129e.pdb,json/66f87f129e.json
5dbbb08aa0,X0287,93.0,0.875,pdb/5dbbb08aa0.pdb,json/5dbbb08aa0.json
53c98434e4,X0288,92.8,0.877,pdb/53c98434e4.pdb,json/53c98434e4.json
afc53f6b36,X0289,92.8,0.875,pdb/afc53f6b36.pdb,json/afc53f6b36.json
a651a1b1d8,X0290,92.8,0.875,pdb/a651a1b1d8.pdb,json/a651a1b1d8.json
1b21833402,X0291,92.8,0.875,pdb/1b21833402.pdb,json/1b21833402.json
008a870d80,X0292,92.9,0.875,pdb/008a870d80.pdb,json/008a870d80.json
9fc8df1f76,X0293,92.9,0.875,pdb/9fc8df1f76.pdb,json/9fc8df1f76.json
7c2627e466,X0294,92.8,0.875,pdb/7c2627e466.pdb,json/7c2627e466.json
cfad741778,X0295,92.9,0.875,pdb/cfad741778.pdb,json/cfad741778.json
873991b8aa,X0296,86.5,0.85,pdb/873991b8aa.pdb,json/873991b8aa.json
493233b660,X0297,88.2,0.83,pdb/493233b660.pdb,json/493233b660.json
297b66a43e,X0298,87.2,0.723,pdb/297b66a43e.pdb,json/297b66a43e.json
2498458e18,X0299,92.4,0.9,pdb/2498458e18.pdb,json/2498458e18.json
b6abfd7c7d,X0300,93.1,0.9209999999999999,pdb/b6abfd7c7d.pdb,json/b6abfd7c7d.json
88cb4bb019,X0301,89.6,0.86,pdb/88cb4bb019.pdb,json/88cb4bb019.json
1aabf8e5dd,X0302,91.2,0.8959999999999999,pdb/1aabf8e5dd.pdb,json/1aabf8e5dd.json
2794a2ac58,X0303,91.6,0.904,pdb/2794a2ac58.pdb,json/2794a2ac58.json
d734597dbb,X0304,89.0,0.828,pdb/d734597dbb.pdb,json/d734597dbb.json
4711279e33,X0305,93.6,0.905,pdb/4711279e33.pdb,json/4711279e33.json
f489ba5d5f,X0306,92.8,0.925,pdb/f489ba5d5f.pdb,json/f489ba5d5f.json
34148ffb89,X0307,93.6,0.924,pdb/34148ffb89.pdb,json/34148ffb89.json
c3284e015c,X0308,93.1,0.9209999999999999,pdb/c3284e015c.pdb,json/c3284e015c.json
bc45236008,X0309,93.5,0.93,pdb/bc45236008.pdb,json/bc45236008.json
3ad39da7bf,X0310,93.2,0.922,pdb/3ad39da7bf.pdb,json/3ad39da7bf.json
bce4c0416e,X0311,93.3,0.922,pdb/bce4c0416e.pdb,json/bce4c0416e.json
883968a5f1,X0312,93.1,0.92,pdb/883968a5f1.pdb,json/883968a5f1.json
4aaf55ca59,X0313,93.1,0.9279999999999999,pdb/4aaf55ca59.pdb,json/4aaf55ca59.json
8005c8a008,X0314,93.2,0.922,pdb/8005c8a008.pdb,json/8005c8a008.json
8590497fdb,X0315,93.3,0.932,pdb/8590497fdb.pdb,json/8590497fdb.json
450efe225c,X0316,93.4,0.9209999999999999,pdb/450efe225c.pdb,json/450efe225c.json
f21db2040e,X0317,90.0,0.863,pdb/f21db2040e.pdb,json/f21db2040e.json
34cc9e64bc,X0318,90.0,0.715,pdb/34cc9e64bc.pdb,json/34cc9e64bc.json
78611d152b,X0319,90.2,0.731,pdb/78611d152b.pdb,json/78611d152b.json
e4c67a6a21,X0320,89.4,0.855,pdb/e4c67a6a21.pdb,json/e4c67a6a21.json
ba04d67a0c,X0321,88.1,0.851,pdb/ba04d67a0c.pdb,json/ba04d67a0c.json
4a084329bf,X0322,88.2,0.84,pdb/4a084329bf.pdb,json/4a084329bf.json
8b105dab15,X0323,95.9,0.9259999999999999,pdb/8b105dab15.pdb,json/8b105dab15.json
cad5e78cfd,X0324,92.8,0.887,pdb\cad5e78cfd.pdb,json\cad5e78cfd.json
8613412907,X0325,92.9,0.8859999999999999,pdb/8613412907.pdb,json/8613412907.json
82360cb7ef,X0326,92.8,0.868,pdb/82360cb7ef.pdb,json/82360cb7ef.json
8d3035ebc0,X0327,88.1,0.8009999999999999,pdb/8d3035ebc0.pdb,json/8d3035ebc0.json
932319d49c,X0328,87.7,0.8009999999999999,pdb/932319d49c.pdb,json/932319d49c.json
38e6dd8e07,X0329,91.1,0.8440000000000001,pdb/38e6dd8e07.pdb,json/38e6dd8e07.json
ff607b63f9,X0330,89.8,0.889,pdb/ff607b63f9.pdb,json/ff607b63f9.json
a38de961d8,X0331,90.8,0.8959999999999999,pdb\a38de961d8.pdb,json\a38de961d8.json
50de587a87,X0332,90.0,0.893,pdb\50de587a87.pdb,json\50de587a87.json
c65bf99b63,X0333,89.9,0.894,pdb\c65bf99b63.pdb,json\c65bf99b63.json
ef3146b33f,X0334,83.9,0.902,pdb/ef3146b33f.pdb,json/ef3146b33f.json
6e70cbf6fe,X0335,88.5,0.833,pdb/6e70cbf6fe.pdb,json/6e70cbf6fe.json
072808affc,X0336,97.2,0.956,pdb/072808affc.pdb,json/072808affc.json
d4f678c715,X0337,94.8,0.917,pdb\d4f678c715.pdb,json\d4f678c715.json
ddd493bacf,X0338,93.0,0.897,pdb/ddd493bacf.pdb,json/ddd493bacf.json
ec2adebfeb,X0339,95.9,0.937,pdb/ec2adebfeb.pdb,json/ec2adebfeb.json
01816243fe,X0340,89.6,0.82,pdb/01816243fe.pdb,json/01816243fe.json
0ea7e098ff,X0341,91.9,0.8540000000000001,pdb/0ea7e098ff.pdb,json/0ea7e098ff.json
5f641db398,X0342,86.7,0.637,pdb/5f641db398.pdb,json/5f641db398.json
71847c44b4,X0343,97.1,0.945,pdb/71847c44b4.pdb,json/71847c44b4.json
93754219db,X0344,92.6,0.903,pdb/93754219db.pdb,json/93754219db.json
427e7a6a54,X0345,89.4,0.66,pdb/427e7a6a54.pdb,json/427e7a6a54.json
92af6d89be,X0346,88.2,0.653,pdb/92af6d89be.pdb,json/92af6d89be.json
42624d0f9b,X0347,85.9,0.636,pdb/42624d0f9b.pdb,json/42624d0f9b.json
3defbf05c8,X0348,90.3,0.884,pdb/3defbf05c8.pdb,json/3defbf05c8.json
9109e5e80d,X0349,89.0,0.82,pdb/9109e5e80d.pdb,json/9109e5e80d.json
17312d651c,X0350,94.9,0.935,pdb/17312d651c.pdb,json/17312d651c.json
c8684b0003,X0351,91.2,0.912,pdb/c8684b0003.pdb,json/c8684b0003.json
732ed1bb3b,X0352,96.0,0.9329999999999999,pdb/732ed1bb3b.pdb,json/732ed1bb3b.json
91351ca686,X0353,92.1,0.895,pdb/91351ca686.pdb,json/91351ca686.json
c336b15ba2,X0354,91.7,0.862,pdb/c336b15ba2.pdb,json/c336b15ba2.json
31a652ca2d,X0355,91.6,0.9059999999999999,pdb/31a652ca2d.pdb,json/31a652ca2d.json
82db044f74,X0356,85.1,0.769,pdb\82db044f74.pdb,json\82db044f74.json
222a0eb1a0,X0357,91.1,0.8540000000000001,pdb/222a0eb1a0.pdb,json/222a0eb1a0.json
04711c5baf,X0358,92.4,0.905,pdb\04711c5baf.pdb,json\04711c5baf.json
00142236f3,X0359,93.4,0.8690000000000001,pdb/00142236f3.pdb,json/00142236f3.json
845d06c8ab,X0360,92.6,0.867,pdb/845d06c8ab.pdb,json/845d06c8ab.json
1efb0efbc3,X0361,83.7,0.7340000000000001,pdb/1efb0efbc3.pdb,json/1efb0efbc3.json
621a3be2cf,X0362,89.7,0.8440000000000001,pdb/621a3be2cf.pdb,json/621a3be2cf.json
91158a9f29,X0363,87.9,0.813,pdb/91158a9f29.pdb,json/91158a9f29.json
2f063460dd,X0364,89.7,0.8290000000000001,pdb/2f063460dd.pdb,json/2f063460dd.json
b594c122d6,X0365,90.0,0.8220000000000001,pdb/b594c122d6.pdb,json/b594c122d6.json
d7fb426c06,X0366,89.9,0.733,pdb/d7fb426c06.pdb,json/d7fb426c06.json
4d718eaf4c,X0367,91.7,0.763,pdb/4d718eaf4c.pdb,json/4d718eaf4c.json
159589279e,X0368,90.5,0.843,pdb/159589279e.pdb,json/159589279e.json
01681a8b2b,X0369,85.9,0.75,pdb/01681a8b2b.pdb,json/01681a8b2b.json
7935025160,X0370,87.3,0.7929999999999999,pdb/7935025160.pdb,json/7935025160.json
2614cf71ba,X0371,89.2,0.8140000000000001,pdb\2614cf71ba.pdb,json\2614cf71ba.json
cceac56d17,X0372,91.6,0.754,pdb/cceac56d17.pdb,json/cceac56d17.json
c73f94f4b1,X0373,90.2,0.7070000000000001,pdb/c73f94f4b1.pdb,json/c73f94f4b1.json
51c552720e,X0374,90.8,0.865,pdb/51c552720e.pdb,json/51c552720e.json
3382175ec0,X0375,89.8,0.6890000000000001,pdb/3382175ec0.pdb,json/3382175ec0.json
c9085962d1,X0376,89.3,0.688,pdb\c9085962d1.pdb,json\c9085962d1.json
834c78418d,X0377,89.8,0.825,pdb\834c78418d.pdb,json\834c78418d.json
74a1e4c30c,X0378,95.6,0.934,pdb/74a1e4c30c.pdb,json/74a1e4c30c.json
3f3caa5571,X0379,96.6,0.943,pdb/3f3caa5571.pdb,json/3f3caa5571.json
db3ac7abc3,X0380,96.0,0.948,pdb/db3ac7abc3.pdb,json/db3ac7abc3.json
f90323675b,X0381,93.7,0.929,pdb/f90323675b.pdb,json/f90323675b.json
0fd5249f70,X0382,94.3,0.925,pdb/0fd5249f70.pdb,json/0fd5249f70.json
3b18b469b2,X0383,97.1,0.953,pdb/3b18b469b2.pdb,json/3b18b469b2.json
81da6dd028,X0384,97.4,0.953,pdb/81da6dd028.pdb,json/81da6dd028.json
ecb0356ac4,X0385,95.6,0.9329999999999999,pdb/ecb0356ac4.pdb,json/ecb0356ac4.json
d98febe094,X0386,29.9,0.12,pdb\d98febe094.pdb,json\d98febe094.json
43b5ee59ed,X0387,93.7,0.922,pdb/43b5ee59ed.pdb,json/43b5ee59ed.json
bf48b0b669,X0388,92.7,0.9209999999999999,pdb/bf48b0b669.pdb,json/bf48b0b669.json
fc08ba909b,X0389,94.9,0.943,pdb/fc08ba909b.pdb,json/fc08ba909b.json
227b9de79f,X0390,94.8,0.943,pdb/227b9de79f.pdb,json/227b9de79f.json
ba69c7f4e6,X0391,94.6,0.943,pdb/ba69c7f4e6.pdb,json/ba69c7f4e6.json
77ef59ef95,X0392,96.2,0.9470000000000001,pdb/77ef59ef95.pdb,json/77ef59ef95.json
ee302712eb,X0393,92.9,0.8690000000000001,pdb/ee302712eb.pdb,json/ee302712eb.json
d17d8c9b11,X0394,76.4,0.8059999999999999,pdb/d17d8c9b11.pdb,json/d17d8c9b11.json
54284e6c39,X0395,88.4,0.8079999999999999,pdb/54284e6c39.pdb,json/54284e6c39.json
6c598a08cc,X0396,95.9,0.935,pdb/6c598a08cc.pdb,json/6c598a08cc.json
6e9f418fdf,X0397,96.9,0.951,pdb/6e9f418fdf.pdb,json/6e9f418fdf.json
12e97be63f,X0398,93.4,0.892,pdb/12e97be63f.pdb,json/12e97be63f.json
c04a68922c,X0399,96.7,0.945,pdb/c04a68922c.pdb,json/c04a68922c.json
c6512ef5a8,X0400,79.1,0.7909999999999999,pdb/c6512ef5a8.pdb,json/c6512ef5a8.json
96fa2b30a0,X0401,94.7,0.919,pdb/96fa2b30a0.pdb,json/96fa2b30a0.json
60a1245891,X0402,93.4,0.9079999999999999,pdb/60a1245891.pdb,json/60a1245891.json
17ee48919c,X0403,97.2,0.9540000000000001,pdb/17ee48919c.pdb,json/17ee48919c.json
dba64d2e40,X0404,90.8,0.8959999999999999,pdb/dba64d2e40.pdb,json/dba64d2e40.json
69ea5ce8b8,X0405,91.2,0.8959999999999999,pdb/69ea5ce8b8.pdb,json/69ea5ce8b8.json
4c174f8fbe,X0406,93.7,0.903,pdb/4c174f8fbe.pdb,json/4c174f8fbe.json
65f6b269ed,X0407,64.8,0.625,pdb/65f6b269ed.pdb,json/65f6b269ed.json
78d422fd0d,X0408,90.5,0.858,pdb/78d422fd0d.pdb,json/78d422fd0d.json
0990ac8d07,X0409,91.3,0.856,pdb/0990ac8d07.pdb,json/0990ac8d07.json
2100ce8ee6,X0410,90.8,0.851,pdb/2100ce8ee6.pdb,json/2100ce8ee6.json
ab6e5c1f00,X0411,96.6,0.9540000000000001,pdb/ab6e5c1f00.pdb,json/ab6e5c1f00.json
5327420c54,X0412,83.4,0.7959999999999999,pdb/5327420c54.pdb,json/5327420c54.json
e985f8deed,X0413,94.9,0.938,pdb/e985f8deed.pdb,json/e985f8deed.json
50df1033a9,X0414,87.2,0.8740000000000001,pdb/50df1033a9.pdb,json/50df1033a9.json
7146995d5b,X0415,92.4,0.941,pdb/7146995d5b.pdb,json/7146995d5b.json
683c993b41,X0416,96.3,0.934,pdb/683c993b41.pdb,json/683c993b41.json
c9267b3952,X0417,93.6,0.935,pdb/c9267b3952.pdb,json/c9267b3952.json
397ffa6cf3,X0418,95.8,0.9520000000000001,pdb/397ffa6cf3.pdb,json/397ffa6cf3.json
04e3bdd092,X0419,92.2,0.882,pdb/04e3bdd092.pdb,json/04e3bdd092.json
4f7248ce37,X0420,86.4,0.648,pdb/4f7248ce37.pdb,json/4f7248ce37.json
bd3687d1b7,X0421,87.1,0.726,pdb/bd3687d1b7.pdb,json/bd3687d1b7.json
774af915a2,X0422,84.2,0.83,pdb/774af915a2.pdb,json/774af915a2.json
20790a50be,X0423,89.2,0.87,pdb/20790a50be.pdb,json/20790a50be.json
0b659ae70d,X0424,96.9,0.94,pdb/0b659ae70d.pdb,json/0b659ae70d.json
228f428f29,X0425,96.2,0.943,pdb/228f428f29.pdb,json/228f428f29.json
79b65e7f1a,X0426,90.4,0.835,pdb/79b65e7f1a.pdb,json/79b65e7f1a.json
768dafba02,X0427,95.2,0.9420000000000001,pdb/768dafba02.pdb,json/768dafba02.json
efc0e2d35e,X0428,87.6,0.602,pdb/efc0e2d35e.pdb,json/efc0e2d35e.json
1f00412a9c,X0429,96.7,0.953,pdb/1f00412a9c.pdb,json/1f00412a9c.json
4523ef2c78,X0430,92.0,0.8859999999999999,pdb/4523ef2c78.pdb,json/4523ef2c78.json
be2cfcc2d3,X0431,95.9,0.9490000000000001,pdb/be2cfcc2d3.pdb,json/be2cfcc2d3.json
661e17e416,X0432,90.4,0.893,pdb\661e17e416.pdb,json\661e17e416.json
aef0b24815,X0433,87.6,0.774,pdb/aef0b24815.pdb,json/aef0b24815.json
b0efc2262a,X0434,98.0,0.9470000000000001,pdb/b0efc2262a.pdb,json/b0efc2262a.json
2c49c95917,X0435,92.4,0.861,pdb/2c49c95917.pdb,json/2c49c95917.json
80055e7dba,X0436,95.3,0.93,pdb/80055e7dba.pdb,json/80055e7dba.json
94d8b12380,X0437,90.2,0.701,pdb/94d8b12380.pdb,json/94d8b12380.json
7ba24cafdd,X0438,84.1,0.8320000000000001,pdb/7ba24cafdd.pdb,json/7ba24cafdd.json
3a1bf0ec9a,X0439,91.9,0.841,pdb/3a1bf0ec9a.pdb,json/3a1bf0ec9a.json
f8cfde16a9,X0440,95.4,0.9470000000000001,pdb/f8cfde16a9.pdb,json/f8cfde16a9.json
5ef36e4786,X0441,94.4,0.9359999999999999,pdb/5ef36e4786.pdb,json/5ef36e4786.json
acbf9a73a0,X0442,95.8,0.945,pdb/acbf9a73a0.pdb,json/acbf9a73a0.json
7aebbf0ca7,X0443,70.8,0.725,pdb/7aebbf0ca7.pdb,json/7aebbf0ca7.json
18e4c1b887,X0444,82.2,0.7909999999999999,pdb\18e4c1b887.pdb,json\18e4c1b887.json
39303036f2,X0445,98.1,0.9490000000000001,pdb/39303036f2.pdb,json/39303036f2.json
dfcdbfc711,X0446,98.2,0.9490000000000001,pdb/dfcdbfc711.pdb,json/dfcdbfc711.json
15b4320c3b,X0447,98.1,0.948,pdb/15b4320c3b.pdb,json/15b4320c3b.json
a4286353b3,X0448,98.1,0.9490000000000001,pdb/a4286353b3.pdb,json/a4286353b3.json
4e8b02077e,X0449,98.1,0.948,pdb/4e8b02077e.pdb,json/4e8b02077e.json
6bd96eb639,X0450,98.1,0.948,pdb/6bd96eb639.pdb,json/6bd96eb639.json
5e3dfa3da5,X0451,98.1,0.948,pdb/5e3dfa3da5.pdb,json/5e3dfa3da5.json
861296c868,X0452,98.1,0.9490000000000001,pdb/861296c868.pdb,json/861296c868.json
605e1ef849,X0453,98.1,0.948,pdb/605e1ef849.pdb,json/605e1ef849.json
05a48f497b,X0454,98.1,0.9490000000000001,pdb/05a48f497b.pdb,json/05a48f497b.json
ce52099fae,X0455,98.1,0.948,pdb/ce52099fae.pdb,json/ce52099fae.json
1a69e84242,X0456,98.1,0.948,pdb/1a69e84242.pdb,json/1a69e84242.json
70f473f422,X0457,98.1,0.948,pdb/70f473f422.pdb,json/70f473f422.json
27e0806fd7,X0458,98.1,0.948,pdb/27e0806fd7.pdb,json/27e0806fd7.json
95ca46e589,X0459,98.1,0.9490000000000001,pdb/95ca46e589.pdb,json/95ca46e589.json
0fd8d11675,X0460,97.4,0.941,pdb/0fd8d11675.pdb,json/0fd8d11675.json
d634126fed,X0461,42.0,0.218,pdb/d634126fed.pdb,json/d634126fed.json
736fafe115,X0462,91.9,0.9259999999999999,pdb/736fafe115.pdb,json/736fafe115.json
a0954edf8c,X0463,94.9,0.9440000000000001,pdb/a0954edf8c.pdb,json/a0954edf8c.json
4993d6ed2e,X0464,95.3,0.9420000000000001,pdb/4993d6ed2e.pdb,json/4993d6ed2e.json
718c252d37,X0465,95.9,0.932,pdb/718c252d37.pdb,json/718c252d37.json
6920533259,X0466,97.7,0.948,pdb/6920533259.pdb,json/6920533259.json
6972995cc1,X0467,95.0,0.9109999999999999,pdb/6972995cc1.pdb,json/6972995cc1.json
b456554320,X0468,98.1,0.958,pdb\b456554320.pdb,json\b456554320.json
a5b0538137,X0469,97.3,0.9490000000000001,pdb/a5b0538137.pdb,json/a5b0538137.json
29a113e22a,X0470,87.9,0.838,pdb/29a113e22a.pdb,json/29a113e22a.json
16fcee7045,X0471,98.4,0.9359999999999999,pdb/16fcee7045.pdb,json/16fcee7045.json
21d4a7ed44,X0472,97.6,0.8640000000000001,pdb/21d4a7ed44.pdb,json/21d4a7ed44.json
0fee6fb3a9,X0473,84.1,0.845,pdb/0fee6fb3a9.pdb,json/0fee6fb3a9.json
885bfef023,X0474,89.7,0.883,pdb/885bfef023.pdb,json/885bfef023.json
